#,comp in-out (tc / frames),duration,RAW in-out (tc),speed,flip,scale / position,transition,confidence,notes,id,type,comp_in,comp_out,frames,raw_in_frame,raw_out_frame,raw_in_seconds,speed_value,speed_measured,flip_h,scale,rotation_deg,tx,ty,transform_keys,time_mode,transition_in,transition_out,audio_in_offset_frames,audio_out_offset_frames,audio_exception,label
S01,00:00:00:00-00:00:01:09 (0-39),39f / 1.300s,00:00:06:14-00:00:07:20 (raw_in 6.600125s),1.0000,,"animated (2 keys, linear)",,0.27,"animated framing: 2 keys, scale 0.5458->0.5460, easing linear; low-margin frames re-assigned to the segment model's RAW frame: [38]; 36 ambiguous-identical",1,raw,0,39,39,158,188,6.600125000,1.000000,1.013855,0,0.545939,0.0000,-131.589,306.728,2,stretch,,,0,0,,
S02,00:00:01:09-00:00:01:11 (39-41),2f / 0.067s,00:00:13:22-00:00:13:23 (raw_in 13.945198s),1.0000,,"animated (2 keys, linear)",,0.98,"animated framing: 2 keys, scale 0.5459->0.5460, easing linear; audio: too_short",2,raw,39,41,2,334,335,13.945197917,1.000000,1.251250,0,0.545945,0.0000,-310.570,307.028,2,stretch,,,0,0,too_short,
S03,00:00:01:11-00:00:01:14 (41-44),3f / 0.100s,00:00:14:01-00:00:14:02 (raw_in 14.068271s),1.0000,,"animated (2 keys, linear)",,0.95,"animated framing: 2 keys, scale 0.5447->0.5465, easing linear; audio: too_short",3,raw,41,44,3,337,338,14.068270833,1.000000,0.625625,0,0.544692,0.0000,-310.682,309.028,2,stretch,,,0,0,too_short,
S04,00:00:01:14-00:00:01:19 (44-49),5f / 0.167s,00:00:14:02-00:00:14:06 (raw_in 14.135021s),1.0000,,"animated (2 keys, linear)",,0.98,"animated framing: 2 keys, scale 0.5456->0.5470, easing linear; audio: too_short",4,raw,44,49,5,338,342,14.135020833,1.000000,1.251250,0,0.546950,0.0000,-290.010,306.082,2,stretch,,,0,0,too_short,
S05,00:00:01:19-00:00:01:20 (49-50),1f / 0.033s,00:00:14:05-00:00:14:05 (raw_in 14.232969s),1.0000,,"s 0.5445 / (-267.5, 304.1) / rot 0.32 deg",,0.96,audio: too_short,5,raw,49,50,1,341,341,14.232968750,1.000000,,0,0.544467,0.3229,-267.476,304.061,0,stretch,,,0,0,too_short,
S06,00:00:01:20-00:00:01:24 (50-54),4f / 0.133s,00:00:14:08-00:00:14:10 (raw_in 14.351854s),1.0000,,"animated (2 keys, linear)",,0.96,"animated framing: 2 keys, scale 0.5457->0.5458, easing linear; audio: too_short; J/L audio 0/-2f",6,raw,50,54,4,344,346,14.351854167,1.000000,0.875875,0,0.545715,-0.0173,-254.955,307.799,2,stretch,,,0,-2,too_short,
S07,00:00:01:24-00:00:01:29 (54-59),5f / 0.167s,00:00:14:09-00:00:14:13 (raw_in 14.426979s),1.0000,,"animated (2 keys, linear)",,0.97,"animated framing: 2 keys, scale 0.5457->0.5461, easing linear; audio: too_short; J/L audio -2/0f",7,raw,54,59,5,345,349,14.426979167,1.000000,1.251250,0,0.545696,-0.7008,-265.307,312.702,2,stretch,,,-2,0,too_short,
S08,00:00:01:29-00:00:02:00 (59-60),1f / 0.033s,00:00:14:12-00:00:14:12 (raw_in 14.524927s),1.0000,,"s 0.5461 / (-260.2, 311.9) / rot -0.80 deg",,0.88,audio: too_short,8,raw,59,60,1,348,348,14.524927083,1.000000,,0,0.546052,-0.8008,-260.246,311.852,0,stretch,,,0,0,too_short,
S09,00:00:02:00-00:00:02:04 (60-64),4f / 0.133s,00:00:14:16-00:00:14:18 (raw_in 14.693896s),1.0000,,"animated (2 keys, linear)",,0.95,"animated framing: 2 keys, scale 0.5454->0.5455, easing linear; audio: too_short",9,raw,60,64,4,352,354,14.693895833,1.000000,0.750750,0,0.545479,0.4601,-173.597,302.665,2,stretch,,,0,0,too_short,
S10,00:00:02:04-00:00:02:05 (64-65),1f / 0.033s,00:00:14:17-00:00:14:17 (raw_in 14.733469s),1.0000,,"s 0.5399 / (-158.3, 314.2) / rot -0.26 deg",,0.93,audio: too_short,10,raw,64,65,1,353,353,14.733468750,1.000000,,0,0.539894,-0.2557,-158.296,314.170,0,stretch,,,0,0,too_short,
S11,00:00:02:05-00:00:02:06 (65-66),1f / 0.033s,00:00:14:20-00:00:14:20 (raw_in 14.858594s),1.0000,,"s 0.5475 / (-113.8, 295.0) / rot 0.48 deg",,0.92,audio: too_short,11,raw,65,66,1,356,356,14.858593750,1.000000,,0,0.547482,0.4775,-113.810,294.972,0,stretch,,,0,0,too_short,
S12,00:00:02:06-00:00:02:08 (66-68),2f / 0.067s,00:00:14:22-00:00:14:22 (raw_in 14.935771s),1.0000,,"animated (2 keys, linear)",,0.94,"animated framing: 2 keys, scale 0.5469->0.5480, easing linear; audio: too_short",12,raw,66,68,2,358,358,14.935770833,1.000000,0.000000,0,0.547954,0.9796,-80.910,301.468,2,stretch,,,0,0,too_short,
S13,00:00:02:08-00:00:02:10 (68-70),2f / 0.067s,00:00:14:22-00:00:14:22 (raw_in 14.935771s),1.0000,,"animated (2 keys, linear)",,0.99,"animated framing: 2 keys, scale 0.5456->0.5458, easing linear; audio: too_short",13,raw,68,70,2,358,358,14.935770833,1.000000,0.000000,0,0.545822,0.0000,-88.958,306.867,2,stretch,,,0,0,too_short,
S14,00:00:02:10-00:00:02:19 (70-79),9f / 0.300s,00:00:16:21-00:00:17:03 (raw_in 16.896146s),1.0000,,"s 0.5462 / (-92.8, 306.5)",,0.98,audio: too_short; J/L audio 0/2f,14,raw,70,79,9,405,411,16.896145833,1.000000,0.980146,0,0.546202,0.0000,-92.845,306.469,0,stretch,,,0,2,too_short,
S15,00:00:02:19-00:00:03:11 (79-101),22f / 0.733s,00:00:17:06-00:00:17:23 (raw_in 17.293875s),1.0000,,"animated (4 keys, linear)",,0.48,"animated framing: 4 keys, scale 0.5463->0.5465, easing linear; low-margin frames re-assigned to the segment model's RAW frame: [81, 91, 92, 93]; J/L audio 2/0f",15,raw,79,101,22,414,431,17.293875000,1.000000,1.002123,0,0.546539,0.0000,-93.224,306.222,4,stretch,,,2,0,,
S16,00:00:03:11-00:00:03:18 (101-108),7f / 0.233s,00:00:18:00-00:00:18:05 (raw_in 18.027542s),1.0000,,"animated (2 keys, linear)",,0.99,"animated framing: 2 keys, scale 0.5462->0.5465, easing linear; J/L audio 0/8f",16,raw,101,108,7,432,437,18.027541667,1.000000,1.027813,0,0.546233,0.0000,-123.275,306.477,2,stretch,,,0,8,,
S17,00:00:03:18-00:00:03:28 (108-118),10f / 0.333s,00:00:18:06-00:00:18:13 (raw_in 18.289271s),1.0000,,"animated (3 keys, linear)",,0.60,"animated framing: 3 keys, scale 0.5462->0.5465, easing linear; low-margin frames re-assigned to the segment model's RAW frame: [109]; audio: too_short; J/L audio 8/0f",17,raw,108,118,10,438,445,18.289270833,1.000000,1.023750,0,0.546470,0.0000,-136.172,306.517,3,stretch,,,8,0,too_short,
S18,00:00:03:28-00:00:04:10 (118-130),12f / 0.400s,00:00:18:13-00:00:18:22 (raw_in 18.593792s),1.0000,,"animated (3 keys, linear)",,0.69,"animated framing: 3 keys, scale 0.5464->0.5469, easing linear; low-margin frames re-assigned to the segment model's RAW frame: [120, 123, 129]; AE-rule-sensitive; audio: too_short",18,raw,118,130,12,445,454,18.593791667,1.000000,0.965628,0,0.546852,0.0000,-131.584,306.599,3,stretch,,,0,0,too_short,
S19,00:00:04:10-00:00:05:10 (130-160),30f / 1.000s,00:00:21:06-00:00:22:05 (raw_in 21.297542s),1.0000,,"animated (3 keys, linear)",,0.69,"animated framing: 3 keys, scale 0.5457->0.5462, easing linear; 19 ambiguous-identical; J/L audio 0/1f",19,raw,130,160,30,510,533,21.297541667,1.000000,0.962038,0,0.545802,0.0000,-279.977,307.196,3,stretch,,,0,1,,
S20,00:00:05:10-00:00:08:01 (160-241),81f / 2.700s,00:00:24:20-00:00:27:12 (raw_in 24.866625s),1.0000,,"s 0.5458 / (-210.7, 306.6)",,0.96,AE-rule-sensitive; J/L audio 1/1f,20,raw,160,241,81,596,660,24.866625000,1.000000,1.000350,0,0.545836,0.0000,-210.688,306.569,0,stretch,,,1,1,,
S21,00:00:08:01-00:00:09:24 (241-294),53f / 1.767s,00:00:28:06-00:00:30:00 (raw_in 28.297667s),1.0000,,"animated (7 keys, linear)",,0.96,"animated framing: 7 keys, scale 0.5456->0.5458, easing linear; PySceneDetect change at 266: inside a continuous mapping (same RAW line, no transform/flip change): motion, lighting, caption or overlay change -- not a cut; J/L audio 1/2f",21,raw,241,294,53,678,720,28.297666667,1.000000,1.001545,0,0.545751,0.0000,-210.747,306.607,7,stretch,,,1,2,,
S22,00:00:09:24-00:00:11:00 (294-330),36f / 1.200s,00:00:30:21-00:00:32:01 (raw_in 30.933000s),1.0000,,"animated (3 keys, linear)",,0.98,"animated framing: 3 keys, scale 0.5455->0.5458, easing linear; J/L audio 2/2f",22,raw,294,330,36,741,769,30.933000000,1.000000,0.999873,0,0.545473,0.0000,-89.209,306.970,3,stretch,,,2,2,,
S23,00:00:11:00-00:00:11:11 (330-341),11f / 0.367s,00:00:33:14-00:00:33:22 (raw_in 33.626458s),1.0000,,"animated (2 keys, linear)",,0.87,"animated framing: 2 keys, scale 0.5459->0.5459, easing linear; low-margin frames re-assigned to the segment model's RAW frame: [340]; PySceneDetect change at 333: inside a continuous mapping (same RAW line, no transform/flip change): motion, lighting, caption or overlay change -- not a cut; PySceneDetect change at 336: inside a continuous mapping (same RAW line, no transform/flip change): motion, lighting, caption or overlay change -- not a cut; PySceneDetect change at 338: inside a continuous mapping (same RAW line, no transform/flip change): motion, lighting, caption or overlay change -- not a cut; J/L audio 2/6f",23,raw,330,341,11,806,814,33.626458334,1.000000,1.033230,0,0.545929,0.0000,-246.890,307.083,2,stretch,,,2,6,,
S24,00:00:11:11-00:00:11:19 (341-349),8f / 0.267s,00:00:34:02-00:00:34:07 (raw_in 34.121688s),1.0000,,"animated (2 keys, linear)",,0.32,"animated framing: 2 keys, scale 0.5459->0.5459, easing linear; low-margin frames re-assigned to the segment model's RAW frame: [341, 342, 343, 344, 345, 348]; audio: too_short; J/L audio 6/1f",24,raw,341,349,8,818,823,34.121687500,1.000000,0.178750,0,0.545894,0.0000,-271.517,307.216,2,stretch,,,6,1,too_short,
S25,00:00:11:19-00:00:12:08 (349-368),19f / 0.633s,00:00:34:10-00:00:35:00 (raw_in 34.460958s),1.0000,,"s 0.6924 / (13.5, 227.7)",,0.98,J/L audio 1/0f,25,raw,349,368,19,826,840,34.460958334,1.000000,0.992219,0,0.692353,0.0000,13.513,227.692,0,stretch,,,1,0,,
S26,00:00:12:08-00:00:15:10 (368-460),92f / 3.067s,00:00:35:01-00:00:38:02 (raw_in 35.095792s),1.0000,,"s 0.7371 / (-789.7, 203.4)",,0.29,79 ambiguous-identical,26,raw,368,460,92,841,914,35.095791668,1.000000,1.003056,0,0.737140,0.0000,-789.695,203.445,0,stretch,,,0,0,,
S27,00:00:15:10-00:00:17:03 (460-513),53f / 1.767s,00:00:38:03-00:00:39:20 (raw_in 38.165792s),1.0000,,"s 0.6924 / (13.4, 227.7)",,0.98,,27,raw,460,513,53,915,956,38.165791668,1.000000,1.000435,0,0.692424,0.0000,13.415,227.707,0,stretch,,,0,0,,
S28,00:00:17:03-00:00:17:16 (513-526),13f / 0.433s,00:00:39:21-00:00:40:07 (raw_in 39.932958s),1.0000,,"s 0.5460 / (-246.7, 306.6)",,0.97,J/L audio 0/2f,28,raw,513,526,13,957,967,39.932958334,1.000000,1.010625,0,0.546042,0.0000,-246.726,306.623,0,stretch,,,0,2,,
S29,00:00:17:16-00:00:18:19 (526-559),33f / 1.100s,00:00:40:12-00:00:41:14 (raw_in 40.567458s),1.0000,,"s 0.5460 / (-246.7, 306.6)",,0.97,J/L audio 2/0f,29,raw,526,559,33,972,998,40.567458334,1.000000,1.001167,0,0.546042,0.0000,-246.726,306.623,0,stretch,,,2,0,,
S30,00:00:18:19-00:00:19:01 (559-571),12f / 0.400s,00:00:41:15-00:00:41:23 (raw_in 41.666708s),1.0000,,"s 0.7372 / (-790.3, 203.4)",,0.98,AE-rule-sensitive; audio: too_short; J/L audio 0/1f,30,raw,559,571,12,999,1007,41.666708333,1.000000,0.962500,0,0.737221,0.0000,-790.315,203.446,0,stretch,,,0,1,too_short,
S31,00:00:19:01-00:00:19:22 (571-592),21f / 0.700s,00:00:43:12-00:00:44:04 (raw_in 43.561750s),1.0000,,"s 0.5460 / (-247.1, 306.7)",,0.93,"low-margin frames re-assigned to the segment model's RAW frame: [591]; PySceneDetect change at 581: inside a continuous mapping (same RAW line, no transform/flip change): motion, lighting, caption or overlay change -- not a cut; PySceneDetect change at 586: inside a continuous mapping (same RAW line, no transform/flip change): motion, lighting, caption or overlay change -- not a cut; 6 ambiguous-identical; J/L audio 1/2f",31,raw,571,592,21,1044,1060,43.561750000,1.000000,0.979503,0,0.546030,0.0000,-247.055,306.722,0,stretch,,,1,2,,
S32,00:00:19:22-00:00:19:26 (592-596),4f / 0.133s,00:00:44:01-00:00:44:03 (raw_in 44.102458s),1.0000,,"s 0.5460 / (-247.1, 306.7)",,0.49,low-margin frames re-assigned to the segment model's RAW frame: [592]; 4 ambiguous-identical; audio: too_short; J/L audio 2/0f,32,raw,592,596,4,1057,1059,44.102458333,1.000000,0.000000,0,0.546030,0.0000,-247.055,306.722,0,stretch,,,2,0,too_short,
S33,00:00:19:26-00:00:20:05 (596-605),9f / 0.300s,MISSING - not in RAW (00:00:19:26-00:00:20:05),,,,,0.47,no RAW match (NOT-IN-RAW placeholder); audio: not_in_raw,33,not_in_raw,596,605,9,,,,,,0,,,,,0,stretch,,,0,0,not_in_raw,MISSING - not in RAW (00:00:19:26-00:00:20:05)
S34,00:00:20:05-00:00:20:07 (605-607),2f / 0.067s,00:00:44:16-00:00:44:17 (raw_in 44.725948s),1.0000,,"s 0.5367 / (-120.4, 321.2)",,0.41,low-margin frames re-assigned to the segment model's RAW frame: [606]; audio: too_short,34,raw,605,607,2,1072,1073,44.725947917,1.000000,1.251250,0,0.536686,0.0000,-120.400,321.199,0,stretch,,,0,0,too_short,
S35,00:00:20:07-00:00:20:10 (607-610),3f / 0.100s,00:00:44:16-00:00:44:17 (raw_in 44.715521s),1.0000,,"s 0.5579 / (-155.0, 293.6)",,0.62,low-margin frames re-assigned to the segment model's RAW frame: [609]; audio: too_short; J/L audio 0/3f,35,raw,607,610,3,1072,1073,44.715520833,1.000000,0.000000,0,0.557928,0.0000,-154.961,293.625,0,stretch,,,0,3,too_short,
S36,00:00:20:10-00:00:20:15 (610-615),5f / 0.167s,00:00:44:21-00:00:45:00 (raw_in 44.924062s),1.0000,,"animated (2 keys, linear)",,0.69,"animated framing: 2 keys, scale 0.5251->0.5367, easing linear; low-margin frames re-assigned to the segment model's RAW frame: [613]; audio: too_short; J/L audio 3/-3f",36,raw,610,615,5,1077,1080,44.924062500,1.000000,1.126125,0,0.525119,0.2143,-117.163,318.351,2,stretch,,,3,-3,too_short,
S37,00:00:20:15-00:00:20:18 (615-618),3f / 0.100s,00:00:44:22-00:00:45:00 (raw_in 44.980385s),1.0000,,"animated (2 keys, linear)",,0.96,"animated framing: 2 keys, scale 0.5579->0.5628, easing linear; audio: too_short; J/L audio -3/0f",37,raw,615,618,3,1078,1080,44.980385417,1.000000,1.251250,0,0.557928,0.0000,-154.961,293.625,2,stretch,,,-3,0,too_short,
S38,00:00:20:18-00:00:21:02 (618-632),14f / 0.467s,00:00:45:02-00:00:45:12 (raw_in 45.132771s),1.0000,,"s 0.7373 / (17.0, 203.4)",,0.98,audio: too_short,38,raw,618,632,14,1082,1092,45.132770833,1.000000,0.992750,0,0.737338,0.0000,17.008,203.372,0,stretch,,,0,0,too_short,
S39,00:00:21:02-00:00:21:17 (632-647),15f / 0.500s,00:00:45:13-00:00:46:00 (raw_in 45.596917s),1.0000,,"animated (6 keys, linear)",,0.89,"animated framing: 6 keys, scale 0.5461->0.5463, easing linear; low-margin frames re-assigned to the segment model's RAW frame: [644]; 2 ambiguous-identical",39,raw,632,647,15,1093,1104,45.596916667,1.000000,0.974440,0,0.546140,0.0000,4.480,306.426,6,stretch,,,0,0,,
S40,00:00:21:17-00:00:21:20 (647-650),3f / 0.100s,00:00:46:01-00:00:46:02 (raw_in 46.100271s),1.0000,,"s 0.5464 / (-69.4, 306.4)",,0.84,audio: too_short,40,raw,647,650,3,1105,1106,46.100270833,1.000000,0.625625,0,0.546355,0.0000,-69.360,306.431,0,stretch,,,0,0,too_short,
S41,00:00:21:20-00:00:21:21 (650-651),1f / 0.033s,00:00:46:15-00:00:46:15 (raw_in 46.682052s),1.0000,,"s 0.5486 / (-83.9, 299.5) / rot 0.69 deg",,0.57,audio: too_short,41,raw,650,651,1,1119,1119,46.682052083,1.000000,,0,0.548563,0.6872,-83.894,299.540,0,stretch,,,0,0,too_short,
S42,00:00:21:21-00:00:21:23 (651-653),2f / 0.067s,00:00:46:05-00:00:46:05 (raw_in 46.258729s),1.0000,,"s 0.5514 / (-88.9, 305.3)",,0.89,audio: too_short,42,raw,651,653,2,1109,1109,46.258729167,1.000000,0.000000,0,0.551381,0.0000,-88.935,305.252,0,stretch,,,0,0,too_short,
S43,00:00:21:23-00:00:21:24 (653-654),1f / 0.033s,00:00:46:07-00:00:46:07 (raw_in 46.348385s),1.0000,,"s 0.5461 / (-98.7, 306.4)",,0.86,audio: too_short,43,raw,653,654,1,1111,1111,46.348385417,1.000000,,0,0.546120,0.0000,-98.748,306.446,0,stretch,,,0,0,too_short,
S44,00:00:21:24-00:00:21:25 (654-655),1f / 0.033s,00:00:46:06-00:00:46:06 (raw_in 46.306677s),1.0000,,"s 0.5461 / (-98.7, 306.4)",,0.75,audio: too_short,44,raw,654,655,1,1110,1110,46.306677083,1.000000,,0,0.546120,0.0000,-98.748,306.446,0,stretch,,,0,0,too_short,
S45,00:00:21:25-00:00:21:26 (655-656),1f / 0.033s,00:00:46:18-00:00:46:18 (raw_in 46.807177s),1.0000,,"s 0.5438 / (-98.3, 298.4) / rot 0.61 deg",,0.55,1 ambiguous-identical; audio: too_short,45,raw,655,656,1,1122,1122,46.807177083,1.000000,,0,0.543778,0.6071,-98.299,298.380,0,stretch,,,0,0,too_short,
S46,00:00:21:26-00:00:21:28 (656-658),2f / 0.067s,00:00:46:08-00:00:46:09 (raw_in 46.394281s),1.0000,,"s 0.5460 / (-113.4, 306.4)",,0.84,audio: too_short,46,raw,656,658,2,1112,1113,46.394281250,1.000000,1.251250,0,0.546047,0.0000,-113.432,306.360,0,stretch,,,0,0,too_short,
S47,00:00:21:28-00:00:21:29 (658-659),1f / 0.033s,00:00:46:11-00:00:46:11 (raw_in 46.515219s),1.0000,,"s 0.5460 / (-113.4, 306.4)",,0.71,audio: too_short,47,raw,658,659,1,1115,1115,46.515218750,1.000000,,0,0.546047,0.0000,-113.432,306.360,0,stretch,,,0,0,too_short,
S48,00:00:21:29-00:00:22:00 (659-660),1f / 0.033s,00:00:46:09-00:00:46:09 (raw_in 46.431802s),1.0000,,"s 0.5494 / (-130.8, 306.1)",,0.69,audio: too_short,48,raw,659,660,1,1113,1113,46.431802083,1.000000,,0,0.549392,0.0000,-130.826,306.064,0,stretch,,,0,0,too_short,
S49,00:00:22:00-00:00:22:01 (660-661),1f / 0.033s,00:00:46:11-00:00:46:11 (raw_in 46.515219s),1.0000,,"s 0.5461 / (-128.1, 306.3)",,0.66,audio: too_short,49,raw,660,661,1,1115,1115,46.515218750,1.000000,,0,0.546074,0.0000,-128.140,306.343,0,stretch,,,0,0,too_short,
S50,00:00:22:01-00:00:22:06 (661-666),5f / 0.167s,00:00:46:13-00:00:46:16 (raw_in 46.609146s),1.0000,,"animated (3 keys, linear)",,0.32,"animated framing: 3 keys, scale 0.5456->0.5483, easing linear; low-margin frames re-assigned to the segment model's RAW frame: [662, 663, 664]; 2 ambiguous-identical; audio: too_short",50,raw,661,666,5,1117,1120,46.609145833,1.000000,1.063562,0,0.545629,0.0000,-132.849,305.795,3,stretch,,,0,0,too_short,
S51,00:00:22:06-00:00:23:25 (666-715),49f / 1.633s,00:00:47:02-00:00:48:17 (raw_in 47.166250s),1.0000,,"s 0.7374 / (11.8, 203.3)",,0.72,6 ambiguous-identical; J/L audio 0/1f,51,raw,666,715,49,1130,1169,47.166250001,1.000000,1.001012,0,0.737370,0.0000,11.793,203.303,0,stretch,,,0,1,,
S52,00:00:23:25-00:00:24:17 (715-737),22f / 0.733s,00:00:52:15-00:00:53:08 (raw_in 52.695875s),1.0000,,"s 0.5460 / (-246.5, 306.6)",,0.96,J/L audio 1/0f,52,raw,715,737,22,1263,1280,52.695875001,1.000000,0.998315,0,0.546009,0.0000,-246.538,306.649,0,stretch,,,1,0,,
S53,00:00:24:17-00:00:26:02 (737-782),45f / 1.500s,00:00:53:09-00:00:54:20 (raw_in 53.430708s),1.0000,,"s 0.5456 / (1.6, 306.8)",,0.97,"PySceneDetect change at 740: inside a continuous mapping (same RAW line, no transform/flip change): motion, lighting, caption or overlay change -- not a cut; PySceneDetect change at 755: inside a continuous mapping (same RAW line, no transform/flip change): motion, lighting, caption or overlay change -- not a cut; PySceneDetect change at 761: inside a continuous mapping (same RAW line, no transform/flip change): motion, lighting, caption or overlay change -- not a cut",53,raw,737,782,45,1281,1316,53.430708334,1.000000,1.001000,0,0.545612,0.0000,1.634,306.766,0,stretch,,,0,0,,
S54,00:00:26:02-00:00:28:02 (782-842),60f / 2.000s,00:00:54:21-00:00:56:20 (raw_in 54.932708s),1.0000,,"s 0.5459 / (-246.6, 306.7)",,0.43,"low-margin frames re-assigned to the segment model's RAW frame: [835, 836, 837, 838]; PySceneDetect change at 806: inside a continuous mapping (same RAW line, no transform/flip change): motion, lighting, caption or overlay change -- not a cut; 4 ambiguous-identical; J/L audio 0/6f",54,raw,782,842,60,1317,1364,54.932708334,1.000000,1.007322,0,0.545872,0.0000,-246.574,306.711,0,stretch,,,0,6,,
S55,00:00:28:02-00:00:29:24 (842-894),52f / 1.733s,00:00:57:20-00:00:59:12 (raw_in 57.893833s),1.0000,,"s 0.5462 / (-246.9, 306.4)",,0.85,"PySceneDetect change at 860: inside a continuous mapping (same RAW line, no transform/flip change): motion, lighting, caption or overlay change -- not a cut; 18 ambiguous-identical; J/L audio 6/0f",55,raw,842,894,52,1388,1428,57.893833334,1.000000,1.211559,0,0.546236,0.0000,-246.869,306.407,0,stretch,,,6,0,,
S56,00:00:29:24-00:00:31:12 (894-942),48f / 1.600s,00:00:59:13-00:01:01:03 (raw_in 59.628667s),1.0000,,"s 0.5461 / (-19.9, 306.2)",,0.98,,56,raw,894,942,48,1429,1467,59.628666668,1.000000,1.001054,0,0.546127,0.0000,-19.866,306.178,0,stretch,,,0,0,,
S57,00:00:31:12-00:00:32:11 (942-971),29f / 0.967s,00:01:01:04-00:01:02:02 (raw_in 61.229667s),1.0000,,"s 0.5460 / (-246.8, 306.4)",,0.82,,57,raw,942,971,29,1468,1490,61.229666668,1.000000,0.999151,0,0.546028,0.0000,-246.815,306.398,0,stretch,,,0,0,,
S58,00:00:32:11-00:00:33:27 (971-1017),46f / 1.533s,00:01:02:03-00:01:03:15 (raw_in 62.197833s),1.0000,,"s 0.5461 / (-19.8, 306.2)",,0.98,,58,raw,971,1017,46,1491,1527,62.197833334,1.000000,1.000306,0,0.546111,0.0000,-19.790,306.226,0,stretch,,,0,0,,
S59,00:00:33:27-00:00:35:07 (1017-1057),40f / 1.333s,00:01:03:16-00:01:04:23 (raw_in 63.732500s),1.0000,,"s 0.7378 / (11.9, 202.9)",,0.97,,59,raw,1017,1057,40,1528,1559,63.732500000,1.000000,1.001000,0,0.737751,0.0000,11.890,202.903,0,stretch,,,0,0,,
S60,00:00:35:07-00:00:38:01 (1057-1141),84f / 2.800s,00:01:05:00-00:01:07:18 (raw_in 65.066750s),1.0000,,"animated (6 keys, ease_in_out)",,0.95,"animated framing: 6 keys, scale 0.5455->0.5461, easing ease_in_out; PySceneDetect change at 1104: inside a continuous mapping (same RAW line, no transform/flip change): motion, lighting, caption or overlay change -- not a cut; PySceneDetect change at 1106: inside a continuous mapping (same RAW line, no transform/flip change): motion, lighting, caption or overlay change -- not a cut; PySceneDetect change at 1110: inside a continuous mapping (same RAW line, no transform/flip change): motion, lighting, caption or overlay change -- not a cut; PySceneDetect change at 1116: inside a continuous mapping (same RAW line, no transform/flip change): motion, lighting, caption or overlay change -- not a cut; PySceneDetect change at 1118: inside a continuous mapping (same RAW line, no transform/flip change): motion, lighting, caption or overlay change -- not a cut; PySceneDetect change at 1119: inside a continuous mapping (same RAW line, no transform/flip change): motion, lighting, caption or overlay change -- not a cut; PySceneDetect change at 1125: inside a continuous mapping (same RAW line, no transform/flip change): motion, lighting, caption or overlay change -- not a cut; PySceneDetect change at 1129: inside a continuous mapping (same RAW line, no transform/flip change): motion, lighting, caption or overlay change -- not a cut; PySceneDetect change at 1135: inside a continuous mapping (same RAW line, no transform/flip change): motion, lighting, caption or overlay change -- not a cut; PySceneDetect change at 1138: inside a continuous mapping (same RAW line, no transform/flip change): motion, lighting, caption or overlay change -- not a cut; AE-rule-sensitive",60,raw,1057,1141,84,1560,1626,65.066750000,1.000000,0.996832,0,0.545828,0.0000,-246.989,306.678,6,stretch,,,0,0,,
S61,00:00:38:01-00:00:39:10 (1141-1180),39f / 1.300s,00:01:07:19-00:01:09:01 (raw_in 67.861625s),1.0000,,"s 0.7376 / (11.9, 203.2)",,0.97,J/L audio 0/2f,61,raw,1141,1180,39,1627,1657,67.861625000,1.000000,0.999987,0,0.737599,0.0000,11.862,203.160,0,stretch,,,0,2,,
S62,00:00:39:10-00:00:39:22 (1180-1192),12f / 0.400s,MISSING - not in RAW (00:00:39:10-00:00:39:22),,,,,0.11,no RAW match (NOT-IN-RAW placeholder); audio: not_in_raw,62,not_in_raw,1180,1192,12,,,,,,0,,,,,0,stretch,,,0,0,not_in_raw,MISSING - not in RAW (00:00:39:10-00:00:39:22)
S63,00:00:39:22-00:00:39:23 (1192-1193),1f / 0.033s,00:01:09:12-00:01:09:12 (raw_in 69.579927s),1.0000,,"s 0.7376 / (11.9, 203.2)",,0.75,audio: too_short,63,raw,1192,1193,1,1668,1668,69.579927083,1.000000,,0,0.737550,0.0000,11.885,203.193,0,stretch,,,0,0,too_short,
S64,00:00:39:23-00:00:39:24 (1193-1194),1f / 0.033s,MISSING - not in RAW (00:00:39:23-00:00:39:24),,,,,0.31,no RAW match (NOT-IN-RAW placeholder); audio: not_in_raw,64,not_in_raw,1193,1194,1,,,,,,0,,,,,0,stretch,,,0,0,not_in_raw,MISSING - not in RAW (00:00:39:23-00:00:39:24)
S65,00:00:39:24-00:00:40:04 (1194-1204),10f / 0.333s,00:01:09:17-00:01:09:17 (raw_in 69.788469s),freeze (2 remap keys),,"s 0.7376 / (11.9, 203.2)",,0.97,freeze frame on RAW 1673; 10 timing-tie; audio: too_short; J/L audio 0/-8f,65,raw,1194,1204,10,1673,1673,69.788468750,0.000000,0.121333,0,0.737550,0.0000,11.885,203.193,0,remap,,,0,-8,too_short,
S66,00:00:40:04-00:00:40:08 (1204-1208),4f / 0.133s,00:01:09:22-00:01:10:00 (raw_in 70.007521s),1.0000,,"animated (2 keys, linear)",,0.73,"animated framing: 2 keys, scale 0.7365->0.7376, easing linear; low-margin frames re-assigned to the segment model's RAW frame: [1205]; audio: too_short; J/L audio -8/0f",66,raw,1204,1208,4,1678,1680,70.007520833,1.000000,1.001000,0,0.736531,0.0000,9.936,205.592,2,stretch,,,-8,0,too_short,
S67,00:00:40:08-00:00:40:09 (1208-1209),1f / 0.033s,00:01:10:00-00:01:10:00 (raw_in 70.080427s),1.0000,,"s 0.7376 / (11.9, 203.2)",,0.98,audio: too_short,67,raw,1208,1209,1,1680,1680,70.080427083,1.000000,,0,0.737550,0.0000,11.885,203.193,0,stretch,,,0,0,too_short,
S68,00:00:40:09-00:00:42:13 (1209-1273),64f / 2.133s,00:01:10:05-00:01:12:07 (raw_in 70.298292s),1.0000,,"s 0.7376 / (11.9, 203.2)",,0.95,J/L audio 0/1f,68,raw,1209,1273,64,1685,1735,70.298291667,1.000000,1.000628,0,0.737550,0.0000,11.885,203.193,0,stretch,,,0,1,,
S69,00:00:42:13-00:00:43:11 (1273-1301),28f / 0.933s,00:01:13:12-00:01:14:10 (raw_in 73.600292s),1.0000,,"s 0.5460 / (-246.8, 306.7)",,0.99,J/L audio 1/1f,69,raw,1273,1301,28,1764,1786,73.600291668,1.000000,1.001274,0,0.545952,0.0000,-246.764,306.653,0,stretch,,,1,1,,
S70,00:00:43:11-00:00:43:27 (1301-1317),16f / 0.533s,00:01:20:12-00:01:21:00 (raw_in 80.598583s),1.0000,,"s 0.5458 / (-23.7, 306.6)",,0.92,J/L audio 1/0f,70,raw,1301,1317,16,1932,1944,80.598583334,1.000000,0.989960,0,0.545840,0.0000,-23.699,306.602,0,stretch,,,1,0,,
S71,00:00:43:27-00:00:45:10 (1317-1360),43f / 1.433s,00:01:21:01-00:01:22:10 (raw_in 81.133417s),1.0000,,"s 1.9878 / (-2399.0, -1245.4)",,0.77,,71,raw,1317,1360,43,1945,1978,81.133416667,1.000000,1.000131,0,1.987790,0.0000,-2398.966,-1245.419,0,stretch,,,0,0,,
S72,00:00:45:10-00:00:46:21 (1360-1401),41f / 1.367s,00:01:22:11-00:01:23:19 (raw_in 82.566667s),1.0000,,"s 0.5460 / (-128.7, 306.8)",,0.98,AE-rule-sensitive; 4 ambiguous-identical; J/L audio 0/1f,72,raw,1360,1401,41,1979,2011,82.566666667,1.000000,0.991300,0,0.546004,0.0000,-128.660,306.822,0,stretch,,,0,1,,
S73,00:00:46:21-00:00:47:01 (1401-1411),10f / 0.333s,00:01:24:14-00:01:24:21 (raw_in 84.694208s),1.0000,,"s 0.5458 / (-364.2, 306.7)",,0.98,"PySceneDetect change at 1406: inside a continuous mapping (same RAW line, no transform/flip change): motion, lighting, caption or overlay change -- not a cut; J/L audio 1/10f",73,raw,1401,1411,10,2030,2037,84.694208334,1.000000,1.001000,0,0.545759,0.0000,-364.157,306.680,0,stretch,,,1,10,,
S74,00:00:47:01-00:00:47:13 (1411-1423),12f / 0.400s,00:01:25:00-00:01:25:06 (raw_in 85.119868s),0.6667,,"animated (4 keys, ease_out)",,0.83,"animated framing: 4 keys, scale 0.5410->0.5461, easing ease_out; audio: too_short; J/L audio 10/0f",74,raw,1411,1423,12,2040,2046,85.119868056,0.666667,0.704375,0,0.540989,0.0000,-89.347,305.438,4,stretch,,,10,0,too_short,
S75,00:00:47:13-00:00:47:15 (1423-1425),2f / 0.067s,00:01:25:08-00:01:25:08 (raw_in 85.422854s),1.0000,,"animated (2 keys, linear)",,0.90,"animated framing: 2 keys, scale 0.5459->0.5460, easing linear; audio: too_short",75,raw,1423,1425,2,2048,2048,85.422854167,1.000000,0.000000,0,0.545851,0.0000,-145.030,306.480,2,stretch,,,0,0,too_short,
S76,00:00:47:15-00:00:47:16 (1425-1426),1f / 0.033s,00:01:25:08-00:01:25:08 (raw_in 85.429094s),1.0000,,"s 0.5418 / (-142.3, 308.6)",,0.90,audio: too_short,76,raw,1425,1426,1,2048,2048,85.429093750,1.000000,,0,0.541806,0.0000,-142.253,308.610,0,stretch,,,0,0,too_short,
S77,00:00:47:16-00:00:47:20 (1426-1430),4f / 0.133s,00:01:25:11-00:01:25:13 (raw_in 85.547979s),1.0000,,"s 0.5458 / (-198.5, 306.6)",,0.92,audio: too_short,77,raw,1426,1430,4,2051,2053,85.547979167,1.000000,0.875875,0,0.545781,0.0000,-198.507,306.555,0,stretch,,,0,0,too_short,
S78,00:00:47:20-00:00:47:22 (1430-1432),2f / 0.067s,00:01:25:12-00:01:25:13 (raw_in 85.600115s),1.0000,,"s 0.5458 / (-198.5, 306.6)",,0.94,audio: too_short,78,raw,1430,1432,2,2052,2053,85.600114583,1.000000,1.251250,0,0.545781,0.0000,-198.507,306.555,0,stretch,,,0,0,too_short,
S79,00:00:47:22-00:00:47:25 (1432-1435),3f / 0.100s,00:01:25:16-00:01:25:18 (raw_in 85.771135s),1.0000,,"animated (2 keys, linear)",,0.91,"animated framing: 2 keys, scale 0.5462->0.5465, easing linear; audio: too_short",79,raw,1432,1435,3,2056,2058,85.771135417,1.000000,1.251250,0,0.546485,0.4600,-265.401,301.604,2,stretch,,,0,0,too_short,
S80,00:00:47:25-00:00:47:27 (1435-1437),2f / 0.067s,00:01:25:17-00:01:25:18 (raw_in 85.808656s),1.0000,,"animated (2 keys, linear)",,0.98,"animated framing: 2 keys, scale 0.5460->0.5462, easing linear; audio: too_short",80,raw,1435,1437,2,2057,2058,85.808656250,1.000000,1.251250,0,0.546005,0.0000,-274.322,306.736,2,stretch,,,0,0,too_short,
S81,00:00:47:27-00:00:48:00 (1437-1440),3f / 0.100s,00:01:25:20-00:01:25:21 (raw_in 85.923354s),1.0000,,"animated (2 keys, linear)",,0.97,"animated framing: 2 keys, scale 0.5496->0.5531, easing linear; audio: too_short; J/L audio 0/-1f",81,raw,1437,1440,3,2060,2061,85.923354167,1.000000,0.625625,0,0.553071,0.9863,-317.579,292.214,2,stretch,,,0,-1,too_short,
S82,00:00:48:00-00:00:48:04 (1440-1444),4f / 0.133s,00:01:25:21-00:01:25:23 (raw_in 85.973438s),1.0000,,"animated (2 keys, linear)",,0.93,"animated framing: 2 keys, scale 0.5345->0.5461, easing linear; audio: too_short; J/L audio -1/0f",82,raw,1440,1444,4,2061,2063,85.973437500,1.000000,0.750750,0,0.546082,-0.0011,-328.103,306.715,2,stretch,,,-1,0,too_short,
S83,00:00:48:04-00:00:48:09 (1444-1449),5f / 0.167s,00:01:26:00-00:01:26:03 (raw_in 86.115313s),1.0000,,"animated (3 keys, linear)",,0.73,"animated framing: 3 keys, scale 0.5461->0.5604, easing linear; low-margin frames re-assigned to the segment model's RAW frame: [1444]; audio: too_short",83,raw,1444,1449,5,2064,2067,86.115312500,1.000000,1.001000,0,0.560436,0.6028,-404.022,289.230,3,stretch,,,0,0,too_short,
S84,00:00:48:09-00:00:48:12 (1449-1452),3f / 0.100s,00:01:26:04-00:01:26:05 (raw_in 86.257021s),1.0000,,"s 0.5296 / (-385.9, 325.3) / rot -0.43 deg",,0.61,low-margin frames re-assigned to the segment model's RAW frame: [1451]; audio: too_short; J/L audio 0/2f,84,raw,1449,1452,3,2068,2069,86.257020833,1.000000,0.000000,0,0.529582,-0.4259,-385.868,325.315,0,stretch,,,0,2,too_short,
S85,00:00:48:12-00:00:48:25 (1452-1465),13f / 0.433s,00:01:27:11-00:01:27:21 (raw_in 87.566896s),1.0000,,"s 0.5458 / (-187.1, 306.6)",,0.98,audio: too_short; J/L audio 2/2f,85,raw,1452,1465,13,2099,2109,87.566895833,1.000000,1.010625,0,0.545847,0.0000,-187.052,306.577,0,stretch,,,2,2,too_short,
S86,00:00:48:25-00:00:50:08 (1465-1508),43f / 1.433s,00:01:30:00-00:01:31:09 (raw_in 90.100708s),1.0000,,"s 0.5456 / (-286.3, 306.7)",,0.64,"low-margin frames re-assigned to the segment model's RAW frame: [1495, 1498]; 11 ambiguous-identical; J/L audio 2/0f",86,raw,1465,1508,43,2160,2193,90.100708334,1.000000,1.008677,0,0.545600,0.0000,-286.321,306.729,0,stretch,,,2,0,,
S87,00:00:50:08-00:00:52:07 (1508-1567),59f / 1.967s,00:01:31:10-00:01:33:08 (raw_in 91.533292s),1.0000,,"s 0.5461 / (-215.3, 306.4)",,0.95,AE-rule-sensitive; J/L audio 0/1f,87,raw,1508,1567,59,2194,2240,91.533291667,1.000000,0.998660,0,0.546097,0.0000,-215.319,306.382,0,stretch,,,0,1,,
S88,00:00:52:07-00:00:53:14 (1567-1604),37f / 1.233s,00:01:35:04-00:01:36:09 (raw_in 95.297333s),1.0000,,"animated (2 keys, linear)",,0.98,"animated framing: 2 keys, scale 0.9288->0.9297, easing linear; J/L audio 1/2f",88,raw,1567,1604,37,2284,2313,95.297333334,1.000000,1.002068,0,0.929579,0.0000,-558.801,-113.174,2,stretch,,,1,2,,
S89,00:00:53:14-00:00:54:03 (1604-1623),19f / 0.633s,00:01:37:01-00:01:37:16 (raw_in 97.165333s),1.0000,,"s 0.5459 / (-246.7, 306.5)",,0.98,J/L audio 2/2f,89,raw,1604,1623,19,2329,2344,97.165333334,1.000000,1.009781,0,0.545851,0.0000,-246.683,306.546,0,stretch,,,2,2,,
S90,00:00:54:03-00:00:55:07 (1623-1657),34f / 1.133s,00:01:39:14-00:01:40:16 (raw_in 99.700083s),1.0000,,"s 0.5460 / (-246.9, 306.5)",,0.98,AE-rule-sensitive; J/L audio 2/1f,90,raw,1623,1657,34,2390,2416,99.700083333,1.000000,0.987426,0,0.545968,0.0000,-246.942,306.511,0,stretch,,,2,1,,
S91,00:00:55:07-00:00:56:26 (1657-1706),49f / 1.633s,00:01:49:02-00:01:50:16 (raw_in 109.194750s),1.0000,,"s 0.5462 / (-151.2, 306.1)",,0.88,8 ambiguous-identical; J/L audio 1/3f,91,raw,1657,1706,49,2618,2656,109.194750000,1.000000,1.008792,0,0.546230,0.0000,-151.238,306.052,0,stretch,,,1,3,,
S92,00:00:56:26-00:00:58:02 (1706-1742),36f / 1.200s,00:02:04:09-00:02:05:13 (raw_in 124.533292s),1.0000,,"s 0.5459 / (-246.5, 306.5)",,0.26,AE-rule-sensitive; J/L audio 3/0f,92,raw,1706,1742,36,2985,3013,124.533291667,1.000000,0.991660,0,0.545950,0.0000,-246.518,306.493,0,stretch,,,3,0,,
S93,00:00:58:02-00:00:58:17 (1742-1757),15f / 0.500s,00:02:05:14-00:02:06:01 (raw_in 125.727000s),1.0000,,"animated (4 keys, linear)",,0.82,"animated framing: 4 keys, scale 0.9345->0.9390, easing linear; low-margin frames re-assigned to the segment model's RAW frame: [1749, 1750]",93,raw,1742,1757,15,3014,3025,125.727000000,1.000000,0.992062,0,0.939048,0.9226,-13.602,-112.564,4,stretch,,,0,0,,
S94,00:00:58:17-00:00:58:18 (1757-1758),1f / 0.033s,00:02:06:01-00:02:06:01 (raw_in 126.178135s),1.0000,,"s 0.9348 / (-70.3, -103.7)",,0.93,audio: too_short,94,raw,1757,1758,1,3025,3025,126.178135417,1.000000,,0,0.934819,0.0000,-70.346,-103.686,0,stretch,,,0,0,too_short,
S95,00:00:58:18-00:00:58:20 (1758-1760),2f / 0.067s,00:02:06:07-00:02:06:08 (raw_in 126.432573s),1.0000,,"s 0.9348 / (-70.3, -103.7)",,0.89,audio: too_short,95,raw,1758,1760,2,3031,3032,126.432572917,1.000000,1.251250,0,0.934819,0.0000,-70.346,-103.686,0,stretch,,,0,0,too_short,
S96,00:00:58:20-00:00:58:28 (1760-1768),8f / 0.267s,00:02:06:08-00:02:06:13 (raw_in 126.463938s),1.0000,,"animated (3 keys, linear)",,0.98,"animated framing: 3 keys, scale 0.9347->0.9348, easing linear; audio: too_short; J/L audio 0/4f",96,raw,1760,1768,8,3032,3037,126.463937500,1.000000,0.968229,0,0.934819,0.0000,-70.346,-103.686,3,stretch,,,0,4,too_short,
S97,00:00:58:28-00:00:59:04 (1768-1774),6f / 0.200s,00:02:06:15-00:02:06:18 (raw_in 126.751708s),1.0000,,"animated (3 keys, linear)",,0.62,"animated framing: 3 keys, scale 0.9348->0.9349, easing linear; low-margin frames re-assigned to the segment model's RAW frame: [1769, 1771]; AE-rule-sensitive; audio: too_short; J/L audio 4/1f",97,raw,1768,1774,6,3039,3042,126.751708333,1.000000,0.786500,0,0.934943,0.0000,-20.059,-104.300,3,stretch,,,4,1,too_short,
S98,00:00:59:04-00:00:59:17 (1774-1787),13f / 0.433s,00:02:06:22-00:02:07:08 (raw_in 127.064688s),1.0000,,"s 0.9348 / (-3.0, -104.2)",,0.98,audio: too_short; J/L audio 1/0f,98,raw,1774,1787,13,3046,3056,127.064687500,1.000000,1.010625,0,0.934824,0.0000,-3.027,-104.222,0,stretch,,,1,0,too_short,
