#,comp in-out (tc / frames),duration,RAW in-out (tc),speed,flip,scale / position,transition,confidence,notes,id,type,comp_in,comp_out,frames,raw_in_frame,raw_out_frame,raw_in_seconds,speed_value,speed_measured,flip_h,scale,rotation_deg,tx,ty,transform_keys,time_mode,transition_in,transition_out,audio_in_offset_frames,audio_out_offset_frames,audio_exception,label
S01,00:00:00:00-00:00:01:06 (0-36),36f / 1.200s,00:00:00:20-00:00:02:00 (raw_in 0.866105s),1.0000,,"s 0.9335 / (-178.1, 228.0)",,1.00,J/L audio 0/6f,1,raw,0,36,36,20,48,0.866105167,1.000000,0.999873,0,0.933506,0.0000,-178.078,227.951,0,stretch,,,0,6,,
S02,00:00:01:06-00:00:02:12 (36-72),36f / 1.200s,00:00:34:02-00:00:35:06 (raw_in 34.132770s),1.0000,,"s 0.9333 / (-178.0, 228.0)",,1.00,J/L audio 6/0f,2,raw,36,72,36,818,846,34.132770167,1.000000,0.999873,0,0.933273,0.0000,-177.975,228.013,0,stretch,,,6,0,,
S03,00:00:02:12-00:00:03:22 (72-112),40f / 1.333s,00:00:08:08-00:00:09:15 (raw_in 8.366103s),1.0000,,"animated (2 keys, linear)",,1.00,"animated framing: 2 keys, scale 1.4933->1.4937, easing linear",3,raw,72,112,40,200,231,8.366103500,1.000000,0.999122,0,1.493355,0.0000,-349.610,76.459,2,stretch,,,0,0,,
S04,00:00:03:22-00:00:03:26 (112-116),4f / 0.133s,00:00:04:04-00:00:04:07 (raw_in 4.199440s),1.0000,,"s 0.9335 / (-178.1, 228.0)",,1.00,,4,raw,112,116,4,100,103,4.199440000,1.000000,1.251250,0,0.933463,0.0000,-178.075,227.985,0,stretch,,,0,0,,
S05,00:00:03:26-00:00:04:26 (116-146),30f / 1.000s,00:00:14:14-00:00:15:13 (raw_in 14.599438s),1.0000,,"animated (3 keys, ease_in)",,1.00,"animated framing: 3 keys, scale 1.4930->1.4944, easing ease_in; PySceneDetect change at 124: inside a continuous mapping (same RAW line; measured framing continuous, model on the measurement): motion, lighting or overlay change -- not a cut; PySceneDetect change at 128: caption change (layout caption event 116-128)",5,raw,116,146,30,350,373,14.599437833,1.000000,1.001000,0,1.492954,0.0000,-556.892,76.635,3,stretch,,,0,0,,
S06,00:00:04:26-00:00:06:06 (146-186),40f / 1.333s,00:00:20:14-00:00:21:21 (raw_in 20.632769s),1.0000,,"s 0.9336 / (-178.1, 227.9)",,1.00,,6,raw,146,186,40,494,525,20.632768500,1.000000,1.001000,0,0.933586,0.0000,-178.100,227.939,0,stretch,,,0,0,,
S07,00:00:06:06-00:00:06:09 (186-189),3f / 0.100s,00:00:31:14-00:00:31:16 (raw_in 31.633719s),1.0000,,"s 0.9330 / (-177.9, 228.0)",,1.00,audio: too_short,7,raw,186,189,3,758,760,31.633718750,1.000000,1.251250,0,0.932996,0.0000,-177.852,228.043,0,stretch,,,0,0,too_short,
S08,00:00:06:09-00:00:06:24 (189-204),15f / 0.500s,00:00:27:00-00:00:27:11 (raw_in 27.032769s),1.0000,,"s 0.9335 / (-178.1, 228.0)",,1.00,"time line shared with segment(s) [204,227), [227,247) (one phase solve)",8,raw,189,204,15,648,659,27.032769091,1.000000,1.001000,0,0.933467,0.0000,-178.116,227.971,0,stretch,,,0,0,,
S09,00:00:06:24-00:00:07:17 (204-227),23f / 0.767s,00:00:27:12-00:00:28:05 (raw_in 27.532769s),1.0000,,"s 1.1663 / (-330.0, 184.9)",,1.00,"time line shared with segment(s) [189,204), [227,247) (one phase solve)",9,raw,204,227,23,660,677,27.532769091,1.000000,0.997785,0,1.166335,0.0000,-329.950,184.923,0,stretch,,,0,0,,
S10,00:00:07:17-00:00:08:07 (227-247),20f / 0.667s,00:00:28:06-00:00:28:21 (raw_in 28.299436s),1.0000,,"s 1.0270 / (-202.9, 190.6)",,1.00,"time line shared with segment(s) [189,204), [204,227) (one phase solve)",10,raw,227,247,20,678,693,28.299435758,1.000000,0.993474,0,1.026997,0.0000,-202.927,190.612,0,stretch,,,0,0,,
S11,00:00:08:07-00:00:08:12 (247-252),5f / 0.167s,00:01:01:14-00:01:01:17 (raw_in 61.665854s),1.0000,,"s 0.9333 / (-178.0, 228.0)",,1.00,audio: too_short,11,raw,247,252,5,1478,1481,61.665854167,1.000000,0.875875,0,0.933347,0.0000,-178.009,227.979,0,stretch,,,0,0,too_short,
S12,00:00:08:12-00:00:09:12 (252-282),30f / 1.000s,00:00:38:12-00:00:39:11 (raw_in 38.566108s),1.0000,,"animated (2 keys, linear)",,1.00,"time line shared with segment(s) [282,302) (one phase solve); animated framing: 2 keys, scale 1.0269->1.0270, easing linear",12,raw,252,282,30,924,947,38.566107500,1.000000,1.001000,0,1.026905,0.0000,-208.969,202.698,2,stretch,,,0,0,,
S13,00:00:09:12-00:00:10:02 (282-302),20f / 0.667s,00:00:39:12-00:00:40:03 (raw_in 39.566108s),1.0000,,"s 1.0268 / (-208.9, 202.7)",,1.00,"time line shared with segment(s) [252,282) (one phase solve)",13,raw,282,302,20,948,963,39.566107500,1.000000,1.001000,0,1.026802,0.0000,-208.950,202.748,0,stretch,,,0,0,,
S14,00:00:10:02-00:00:10:16 (302-316),14f / 0.467s,00:00:45:08-00:00:45:18 (raw_in 45.399440s),1.0000,,"s 0.9335 / (-178.1, 228.0)",,1.00,"time line shared with segment(s) [316,342) (one phase solve)",14,raw,302,316,14,1088,1098,45.399439755,1.000000,0.992750,0,0.933529,0.0000,-178.121,227.993,0,stretch,,,0,0,,
S15,00:00:10:16-00:00:11:12 (316-342),26f / 0.867s,00:00:45:19-00:00:46:15 (raw_in 45.866106s),1.0000,,"animated (3 keys, linear)",,1.00,"time line shared with segment(s) [302,316) (one phase solve); animated framing: 3 keys, scale 1.5873->1.5883, easing linear",15,raw,316,342,26,1099,1119,45.866106421,1.000000,0.998861,0,1.587541,0.0000,-417.138,50.913,3,stretch,,,0,0,,
S16,00:00:11:12-00:00:12:12 (342-372),30f / 1.000s,00:00:57:00-00:00:57:05 (raw_in 57.057217s),ramp (2 remap keys),,"s 0.9336 / (-178.2, 228.0)",,0.99,frame-blend retiming verified: 24/30 frames are blends of adjacent RAW frames on one path at speed 0.25 (measured 0.25004); every frame matches the Frame Mix of the path (AE Frame Blending > Frame Mix); retime frame_blend,16,raw,342,372,30,1368,1373,57.057216675,0.250000,0.253590,0,0.933564,0.0000,-178.208,227.952,0,remap,,,0,0,,
S17,00:00:12:12-00:00:13:06 (372-396),24f / 0.800s,"UNCERTAIN - best RAW 1370-1384, ZNCC 0.66-0.70 (00:00:12:12-00:00:13:06)",,,,,0.00,"unresolved: best hypotheses score in [none_thresh, match_thresh) on 24/24 frames (no match, no NOT-IN-RAW claim); UNCERTAIN; audio: uncertain",17,uncertain,372,396,24,,,,,,0,0.933564,0.0000,-178.208,227.952,0,stretch,,,0,0,uncertain,"UNCERTAIN - best RAW 1370-1384, ZNCC 0.66-0.70 (00:00:12:12-00:00:13:06)"
S18,00:00:13:06-00:00:13:25 (396-415),19f / 0.633s,00:00:59:22-00:01:00:12 (raw_in 59.999441s),1.0000,,"s 0.9335 / (-178.1, 228.0)",,1.00,,18,raw,396,415,19,1438,1452,59.999440833,1.000000,0.996610,0,0.933472,0.0000,-178.051,227.967,0,stretch,,,0,0,,
S19,00:00:13:25-00:00:14:06 (415-426),11f / 0.367s,00:01:00:13-00:01:00:13 (raw_in 60.612635s),freeze (2 remap keys),,"s 0.9333 / (-177.9, 228.0)",,0.99,"speed-only cut (no RAW jump): cut may lie anywhere in [415, 416]; freeze frame on RAW 1453; cut ambiguous [415, 416]",19,raw,415,426,11,1453,1453,60.612635417,0.000000,0.000000,0,0.933290,0.0000,-177.936,228.001,0,remap,,,0,0,,
S20,00:00:14:06-00:00:14:26 (426-446),20f / 0.667s,00:00:51:14-00:00:52:05 (raw_in 51.666102s),1.0000,,"animated (2 keys, linear)",,0.99,"animated framing: 2 keys, scale 1.3997->1.4000, easing linear",20,raw,426,446,20,1238,1253,51.666102167,1.000000,1.001000,0,1.399964,0.0000,-342.269,101.759,2,stretch,,,0,0,,
S21,00:00:14:26-00:00:15:16 (446-466),20f / 0.667s,00:00:52:11-00:00:53:02 (raw_in 52.532773s),1.0000,,"animated (2 keys, linear)",,0.98,"animated framing: 2 keys, scale 1.4000->1.4006, easing linear",21,raw,446,466,20,1259,1274,52.532773167,1.000000,0.993474,0,1.400508,0.0000,-458.598,101.605,2,stretch,,,0,0,,
S22,00:00:15:16-00:00:16:16 (466-496),30f / 1.000s,"UNCERTAIN - best RAW 1513-1589, ZNCC 0.80-0.83 (00:00:15:16-00:00:16:16)",,,,,0.00,"unresolved: best hypotheses score in [none_thresh, match_thresh) on 30/30 frames (no match, no NOT-IN-RAW claim); UNCERTAIN; audio: uncertain",22,uncertain,466,496,30,,,,,,0,0.933204,0.0000,-379.436,228.041,0,stretch,,,0,0,uncertain,"UNCERTAIN - best RAW 1513-1589, ZNCC 0.80-0.83 (00:00:15:16-00:00:16:16)"
S23,00:00:16:16-00:00:17:22 (496-532),36f / 1.200s,00:00:42:00-00:00:43:04 (raw_in 42.066105s),1.0000,,"s 0.9334 / (-178.0, 228.0)",,1.00,,23,raw,496,532,36,1008,1036,42.066105500,1.000000,0.998745,0,0.933409,0.0000,-178.022,227.972,0,stretch,,,0,0,,
